{
  "project_info": {
    "project_number": "954824977558",
    "project_id": "ecommerce-modista",
    "storage_bucket": "ecommerce-modista.appspot.com"
  },
  "client": [
    {
      "client_info": {
        "mobilesdk_app_id": "1:954824977558:android:8adabfca700e767efa26b7",
        "android_client_info": {
          "package_name": "com.example.ecommercecapstone"
        }
      },
      "oauth_client": [
        {
          "client_id": "954824977558-65u64te3io7kpd2p273ooar7hmgiv76e.apps.googleusercontent.com",
          "client_type": 3
        }
      ],
      "api_key": [
        {
          "current_key": "AIzaSyAI0CjC47cp7ibfpUjZgjCUO3U2OI9Fpe8"
        }
      ],
      "services": {
        "appinvite_service": {
          "other_platform_oauth_client": [
            {
              "client_id": "954824977558-65u64te3io7kpd2p273ooar7hmgiv76e.apps.googleusercontent.com",
              "client_type": 3
            }
          ]
        }
      }
    }
  ],
  "configuration_version": "1"
}